Model,MAE,MSE,RMSE,R2
Linear Regression,0.02380887254929523,0.001549630079842882,0.03936534109902875,0.7997368043629869
Random Forest,0.0028765994823400395,0.00020321546802095833,0.014255366288558086,0.9737378748914872
